created,rolling_start_interval_number,rolling_start_interval_number_date,key_count,valid_key_count,invalid_key_data_count,invalid_transmission_risk_level_key_count,invalid_report_type_key_count,invalid_days_since_onset_of_symptoms_key_count,has_not_report_type_count,has_not_days_since_onset_of_symptoms_count,transmission_risk_level_unused_count,transmission_risk_level_low_count,transmission_risk_level_standard_count,transmission_risk_level_high_count,transmission_risk_level_confirmed_clinical_diagnosis_count,transmission_risk_level_negative_case_count,transmission_risk_level_recursive_case_count,report_type_unknown_count,report_type_confirmed_test_count,report_type_confirmed_clinical_diagnosis_count,report_type_self_reported_count,report_type_recursive_count,report_type_revoked_count,days_since_onset_of_symptoms_-14_count,days_since_onset_of_symptoms_-13_count,days_since_onset_of_symptoms_-12_count,days_since_onset_of_symptoms_-11_count,days_since_onset_of_symptoms_-10_count,days_since_onset_of_symptoms_-9_count,days_since_onset_of_symptoms_-8_count,days_since_onset_of_symptoms_-7_count,days_since_onset_of_symptoms_-6_count,days_since_onset_of_symptoms_-5_count,days_since_onset_of_symptoms_-4_count,days_since_onset_of_symptoms_-3_count,days_since_onset_of_symptoms_-2_count,days_since_onset_of_symptoms_-1_count,days_since_onset_of_symptoms_0_count,days_since_onset_of_symptoms_+1_count,days_since_onset_of_symptoms_+2_count,days_since_onset_of_symptoms_+3_count,days_since_onset_of_symptoms_+4_count,days_since_onset_of_symptoms_+5_count,days_since_onset_of_symptoms_+6_count,days_since_onset_of_symptoms_+7_count,days_since_onset_of_symptoms_+8_count,days_since_onset_of_symptoms_+9_count,days_since_onset_of_symptoms_+10_count,days_since_onset_of_symptoms_+11_count,days_since_onset_of_symptoms_+12_count,days_since_onset_of_symptoms_+13_count,days_since_onset_of_symptoms_+14_count,comment
1653372108791,2755584,2022-05-24T09:00:00.000000+0900,3302,3302,0,0,0,0,3302,3302,0,0,0,0,3302,0,0,0,0,0,0,0,0,0,0,0,0,0,0,0,0,0,0,0,0,0,0,0,0,0,0,0,0,0,0,0,0,0,0,0,0,0,
1653404410736,2755584,2022-05-24T09:00:00.000000+0900,3828,3828,0,0,0,0,3828,3828,0,0,0,0,3828,0,0,0,0,0,0,0,0,0,0,0,0,0,0,0,0,0,0,0,0,0,0,0,0,0,0,0,0,0,0,0,0,0,0,0,0,0,
1653458691487,2755584,2022-05-24T09:00:00.000000+0900,2974,2974,0,0,0,0,2974,2974,0,0,0,0,2974,0,0,0,0,0,0,0,0,0,0,0,0,0,0,0,0,0,0,0,0,0,0,0,0,0,0,0,0,0,0,0,0,0,0,0,0,0,
1653458801378,2755728,2022-05-25T09:00:00.000000+0900,3316,3316,0,0,0,0,3316,3316,0,0,0,0,3316,0,0,0,0,0,0,0,0,0,0,0,0,0,0,0,0,0,0,0,0,0,0,0,0,0,0,0,0,0,0,0,0,0,0,0,0,0,
1653490802086,2755728,2022-05-25T09:00:00.000000+0900,3397,3397,0,0,0,0,3397,3397,0,0,0,0,3397,0,0,0,0,0,0,0,0,0,0,0,0,0,0,0,0,0,0,0,0,0,0,0,0,0,0,0,0,0,0,0,0,0,0,0,0,0,
1653490828617,2755584,2022-05-24T09:00:00.000000+0900,1570,1570,0,0,0,0,1570,1570,0,0,0,0,1570,0,0,0,0,0,0,0,0,0,0,0,0,0,0,0,0,0,0,0,0,0,0,0,0,0,0,0,0,0,0,0,0,0,0,0,0,0,
1653544848103,2755728,2022-05-25T09:00:00.000000+0900,2657,2657,0,0,0,0,2657,2657,0,0,0,0,2657,0,0,0,0,0,0,0,0,0,0,0,0,0,0,0,0,0,0,0,0,0,0,0,0,0,0,0,0,0,0,0,0,0,0,0,0,0,
1653544874334,2755584,2022-05-24T09:00:00.000000+0900,1537,1537,0,0,0,0,1537,1537,0,0,0,0,1537,0,0,0,0,0,0,0,0,0,0,0,0,0,0,0,0,0,0,0,0,0,0,0,0,0,0,0,0,0,0,0,0,0,0,0,0,0,
1653544950801,2755872,2022-05-26T09:00:00.000000+0900,2976,2976,0,0,0,0,2976,2976,0,0,0,0,2976,0,0,0,0,0,0,0,0,0,0,0,0,0,0,0,0,0,0,0,0,0,0,0,0,0,0,0,0,0,0,0,0,0,0,0,0,0,
1653577204980,2755872,2022-05-26T09:00:00.000000+0900,2846,2846,0,0,0,0,2846,2846,0,0,0,0,2846,0,0,0,0,0,0,0,0,0,0,0,0,0,0,0,0,0,0,0,0,0,0,0,0,0,0,0,0,0,0,0,0,0,0,0,0,0,
1653577233947,2755728,2022-05-25T09:00:00.000000+0900,1341,1341,0,0,0,0,1341,1341,0,0,0,0,1341,0,0,0,0,0,0,0,0,0,0,0,0,0,0,0,0,0,0,0,0,0,0,0,0,0,0,0,0,0,0,0,0,0,0,0,0,0,
1653577249721,2755584,2022-05-24T09:00:00.000000+0900,1022,1022,0,0,0,0,1022,1022,0,0,0,0,1022,0,0,0,0,0,0,0,0,0,0,0,0,0,0,0,0,0,0,0,0,0,0,0,0,0,0,0,0,0,0,0,0,0,0,0,0,0,
1653631251020,2755872,2022-05-26T09:00:00.000000+0900,2144,2144,0,0,0,0,2144,2144,0,0,0,0,2144,0,0,0,0,0,0,0,0,0,0,0,0,0,0,0,0,0,0,0,0,0,0,0,0,0,0,0,0,0,0,0,0,0,0,0,0,0,
1653631278723,2755728,2022-05-25T09:00:00.000000+0900,1326,1326,0,0,0,0,1326,1326,0,0,0,0,1326,0,0,0,0,0,0,0,0,0,0,0,0,0,0,0,0,0,0,0,0,0,0,0,0,0,0,0,0,0,0,0,0,0,0,0,0,0,
1653631289814,2755584,2022-05-24T09:00:00.000000+0900,1213,1213,0,0,0,0,1213,1213,0,0,0,0,1213,0,0,0,0,0,0,0,0,0,0,0,0,0,0,0,0,0,0,0,0,0,0,0,0,0,0,0,0,0,0,0,0,0,0,0,0,0,
1653631340788,2756016,2022-05-27T09:00:00.000000+0900,2624,2624,0,0,0,0,2624,2624,0,0,0,0,2624,0,0,0,0,0,0,0,0,0,0,0,0,0,0,0,0,0,0,0,0,0,0,0,0,0,0,0,0,0,0,0,0,0,0,0,0,0,
1653663616289,2756016,2022-05-27T09:00:00.000000+0900,2556,2556,0,0,0,0,2556,2556,0,0,0,0,2556,0,0,0,0,0,0,0,0,0,0,0,0,0,0,0,0,0,0,0,0,0,0,0,0,0,0,0,0,0,0,0,0,0,0,0,0,0,
1653663640216,2755872,2022-05-26T09:00:00.000000+0900,1253,1253,0,0,0,0,1253,1253,0,0,0,0,1253,0,0,0,0,0,0,0,0,0,0,0,0,0,0,0,0,0,0,0,0,0,0,0,0,0,0,0,0,0,0,0,0,0,0,0,0,0,
1653663650368,2755728,2022-05-25T09:00:00.000000+0900,978,978,0,0,0,0,978,978,0,0,0,0,978,0,0,0,0,0,0,0,0,0,0,0,0,0,0,0,0,0,0,0,0,0,0,0,0,0,0,0,0,0,0,0,0,0,0,0,0,0,
1653663658141,2755584,2022-05-24T09:00:00.000000+0900,937,937,0,0,0,0,937,937,0,0,0,0,937,0,0,0,0,0,0,0,0,0,0,0,0,0,0,0,0,0,0,0,0,0,0,0,0,0,0,0,0,0,0,0,0,0,0,0,0,0,
1653717653893,2756016,2022-05-27T09:00:00.000000+0900,1968,1968,0,0,0,0,1968,1968,0,0,0,0,1968,0,0,0,0,0,0,0,0,0,0,0,0,0,0,0,0,0,0,0,0,0,0,0,0,0,0,0,0,0,0,0,0,0,0,0,0,0,
1653717673546,2755872,2022-05-26T09:00:00.000000+0900,1124,1124,0,0,0,0,1124,1124,0,0,0,0,1124,0,0,0,0,0,0,0,0,0,0,0,0,0,0,0,0,0,0,0,0,0,0,0,0,0,0,0,0,0,0,0,0,0,0,0,0,0,
1653717682819,2755728,2022-05-25T09:00:00.000000+0900,1065,1065,0,0,0,0,1065,1065,0,0,0,0,1065,0,0,0,0,0,0,0,0,0,0,0,0,0,0,0,0,0,0,0,0,0,0,0,0,0,0,0,0,0,0,0,0,0,0,0,0,0,
1653717692992,2755584,2022-05-24T09:00:00.000000+0900,787,787,0,0,0,0,787,787,0,0,0,0,787,0,0,0,0,0,0,0,0,0,0,0,0,0,0,0,0,0,0,0,0,0,0,0,0,0,0,0,0,0,0,0,0,0,0,0,0,0,
1653717713337,2756160,2022-05-28T09:00:00.000000+0900,2220,2220,0,0,0,0,2220,2220,0,0,0,0,2220,0,0,0,0,0,0,0,0,0,0,0,0,0,0,0,0,0,0,0,0,0,0,0,0,0,0,0,0,0,0,0,0,0,0,0,0,0,
1653750004978,2756160,2022-05-28T09:00:00.000000+0900,1808,1808,0,0,0,0,1808,1808,0,0,0,0,1808,0,0,0,0,0,0,0,0,0,0,0,0,0,0,0,0,0,0,0,0,0,0,0,0,0,0,0,0,0,0,0,0,0,0,0,0,0,
1653750038849,2756016,2022-05-27T09:00:00.000000+0900,858,858,0,0,0,0,858,858,0,0,0,0,858,0,0,0,0,0,0,0,0,0,0,0,0,0,0,0,0,0,0,0,0,0,0,0,0,0,0,0,0,0,0,0,0,0,0,0,0,0,
1653750051781,2755872,2022-05-26T09:00:00.000000+0900,650,650,0,0,0,0,650,650,0,0,0,0,650,0,0,0,0,0,0,0,0,0,0,0,0,0,0,0,0,0,0,0,0,0,0,0,0,0,0,0,0,0,0,0,0,0,0,0,0,0,
1653750060002,2755728,2022-05-25T09:00:00.000000+0900,604,604,0,0,0,0,604,604,0,0,0,0,604,0,0,0,0,0,0,0,0,0,0,0,0,0,0,0,0,0,0,0,0,0,0,0,0,0,0,0,0,0,0,0,0,0,0,0,0,0,
1653750066079,2755584,2022-05-24T09:00:00.000000+0900,409,409,0,0,0,0,409,409,0,0,0,0,409,0,0,0,0,0,0,0,0,0,0,0,0,0,0,0,0,0,0,0,0,0,0,0,0,0,0,0,0,0,0,0,0,0,0,0,0,0,
1653804035793,2756160,2022-05-28T09:00:00.000000+0900,1263,1263,0,0,0,0,1263,1263,0,0,0,0,1263,0,0,0,0,0,0,0,0,0,0,0,0,0,0,0,0,0,0,0,0,0,0,0,0,0,0,0,0,0,0,0,0,0,0,0,0,0,
1653804047869,2756016,2022-05-27T09:00:00.000000+0900,656,656,0,0,0,0,656,656,0,0,0,0,656,0,0,0,0,0,0,0,0,0,0,0,0,0,0,0,0,0,0,0,0,0,0,0,0,0,0,0,0,0,0,0,0,0,0,0,0,0,
1653804053075,2755872,2022-05-26T09:00:00.000000+0900,597,597,0,0,0,0,597,597,0,0,0,0,597,0,0,0,0,0,0,0,0,0,0,0,0,0,0,0,0,0,0,0,0,0,0,0,0,0,0,0,0,0,0,0,0,0,0,0,0,0,
1653804058064,2755728,2022-05-25T09:00:00.000000+0900,453,453,0,0,0,0,453,453,0,0,0,0,453,0,0,0,0,0,0,0,0,0,0,0,0,0,0,0,0,0,0,0,0,0,0,0,0,0,0,0,0,0,0,0,0,0,0,0,0,0,
1653804061502,2755584,2022-05-24T09:00:00.000000+0900,357,357,0,0,0,0,357,357,0,0,0,0,357,0,0,0,0,0,0,0,0,0,0,0,0,0,0,0,0,0,0,0,0,0,0,0,0,0,0,0,0,0,0,0,0,0,0,0,0,0,
1653804067830,2756304,2022-05-29T09:00:00.000000+0900,1384,1384,0,0,0,0,1384,1384,0,0,0,0,1384,0,0,0,0,0,0,0,0,0,0,0,0,0,0,0,0,0,0,0,0,0,0,0,0,0,0,0,0,0,0,0,0,0,0,0,0,0,
1653836406724,2756304,2022-05-29T09:00:00.000000+0900,1015,1015,0,0,0,0,1015,1015,0,0,0,0,1015,0,0,0,0,0,0,0,0,0,0,0,0,0,0,0,0,0,0,0,0,0,0,0,0,0,0,0,0,0,0,0,0,0,0,0,0,0,
1653836418163,2756160,2022-05-28T09:00:00.000000+0900,583,583,0,0,0,0,583,583,0,0,0,0,583,0,0,0,0,0,0,0,0,0,0,0,0,0,0,0,0,0,0,0,0,0,0,0,0,0,0,0,0,0,0,0,0,0,0,0,0,0,
1653836423036,2756016,2022-05-27T09:00:00.000000+0900,456,456,0,0,0,0,456,456,0,0,0,0,456,0,0,0,0,0,0,0,0,0,0,0,0,0,0,0,0,0,0,0,0,0,0,0,0,0,0,0,0,0,0,0,0,0,0,0,0,0,
1653836426716,2755872,2022-05-26T09:00:00.000000+0900,400,400,0,0,0,0,400,400,0,0,0,0,400,0,0,0,0,0,0,0,0,0,0,0,0,0,0,0,0,0,0,0,0,0,0,0,0,0,0,0,0,0,0,0,0,0,0,0,0,0,
1653836429844,2755728,2022-05-25T09:00:00.000000+0900,269,269,0,0,0,0,269,269,0,0,0,0,269,0,0,0,0,0,0,0,0,0,0,0,0,0,0,0,0,0,0,0,0,0,0,0,0,0,0,0,0,0,0,0,0,0,0,0,0,0,
1653836432069,2755584,2022-05-24T09:00:00.000000+0900,152,152,0,0,0,0,152,152,0,0,0,0,152,0,0,0,0,0,0,0,0,0,0,0,0,0,0,0,0,0,0,0,0,0,0,0,0,0,0,0,0,0,0,0,0,0,0,0,0,0,
1653890480854,2755728,2022-05-25T09:00:00.000000+0900,533,533,0,0,0,0,533,533,0,0,0,0,533,0,0,0,0,0,0,0,0,0,0,0,0,0,0,0,0,0,0,0,0,0,0,0,0,0,0,0,0,0,0,0,0,0,0,0,0,0,
1653890492371,2755872,2022-05-26T09:00:00.000000+0900,680,680,0,0,0,0,680,680,0,0,0,0,680,0,0,0,0,0,0,0,0,0,0,0,0,0,0,0,0,0,0,0,0,0,0,0,0,0,0,0,0,0,0,0,0,0,0,0,0,0,
1653890499788,2756016,2022-05-27T09:00:00.000000+0900,901,901,0,0,0,0,901,901,0,0,0,0,901,0,0,0,0,0,0,0,0,0,0,0,0,0,0,0,0,0,0,0,0,0,0,0,0,0,0,0,0,0,0,0,0,0,0,0,0,0,
1653890511454,2756160,2022-05-28T09:00:00.000000+0900,971,971,0,0,0,0,971,971,0,0,0,0,971,0,0,0,0,0,0,0,0,0,0,0,0,0,0,0,0,0,0,0,0,0,0,0,0,0,0,0,0,0,0,0,0,0,0,0,0,0,
1653890523858,2756304,2022-05-29T09:00:00.000000+0900,1265,1265,0,0,0,0,1265,1265,0,0,0,0,1265,0,0,0,0,0,0,0,0,0,0,0,0,0,0,0,0,0,0,0,0,0,0,0,0,0,0,0,0,0,0,0,0,0,0,0,0,0,
1653890543255,2755584,2022-05-24T09:00:00.000000+0900,301,301,0,0,0,0,301,301,0,0,0,0,301,0,0,0,0,0,0,0,0,0,0,0,0,0,0,0,0,0,0,0,0,0,0,0,0,0,0,0,0,0,0,0,0,0,0,0,0,0,
1653890554716,2756448,2022-05-30T09:00:00.000000+0900,1774,1774,0,0,0,0,1774,1774,0,0,0,0,1774,0,0,0,0,0,0,0,0,0,0,0,0,0,0,0,0,0,0,0,0,0,0,0,0,0,0,0,0,0,0,0,0,0,0,0,0,0,
1653922809241,2756304,2022-05-29T09:00:00.000000+0900,961,961,0,0,0,0,961,961,0,0,0,0,961,0,0,0,0,0,0,0,0,0,0,0,0,0,0,0,0,0,0,0,0,0,0,0,0,0,0,0,0,0,0,0,0,0,0,0,0,0,
1653922819621,2756448,2022-05-30T09:00:00.000000+0900,2231,2231,0,0,0,0,2231,2231,0,0,0,0,2231,0,0,0,0,0,0,0,0,0,0,0,0,0,0,0,0,0,0,0,0,0,0,0,0,0,0,0,0,0,0,0,0,0,0,0,0,0,
1653922841176,2756160,2022-05-28T09:00:00.000000+0900,897,897,0,0,0,0,897,897,0,0,0,0,897,0,0,0,0,0,0,0,0,0,0,0,0,0,0,0,0,0,0,0,0,0,0,0,0,0,0,0,0,0,0,0,0,0,0,0,0,0,
1653922848856,2756016,2022-05-27T09:00:00.000000+0900,873,873,0,0,0,0,873,873,0,0,0,0,873,0,0,0,0,0,0,0,0,0,0,0,0,0,0,0,0,0,0,0,0,0,0,0,0,0,0,0,0,0,0,0,0,0,0,0,0,0,
1653922856253,2755872,2022-05-26T09:00:00.000000+0900,565,565,0,0,0,0,565,565,0,0,0,0,565,0,0,0,0,0,0,0,0,0,0,0,0,0,0,0,0,0,0,0,0,0,0,0,0,0,0,0,0,0,0,0,0,0,0,0,0,0,
1653922861302,2755728,2022-05-25T09:00:00.000000+0900,394,394,0,0,0,0,394,394,0,0,0,0,394,0,0,0,0,0,0,0,0,0,0,0,0,0,0,0,0,0,0,0,0,0,0,0,0,0,0,0,0,0,0,0,0,0,0,0,0,0,
1653922864827,2755584,2022-05-24T09:00:00.000000+0900,211,211,0,0,0,0,211,211,0,0,0,0,211,0,0,0,0,0,0,0,0,0,0,0,0,0,0,0,0,0,0,0,0,0,0,0,0,0,0,0,0,0,0,0,0,0,0,0,0,0,
1653976841196,2756448,2022-05-30T09:00:00.000000+0900,1873,1873,0,0,0,0,1873,1873,0,0,0,0,1873,0,0,0,0,0,0,0,0,0,0,0,0,0,0,0,0,0,0,0,0,0,0,0,0,0,0,0,0,0,0,0,0,0,0,0,0,0,
1653976860907,2756304,2022-05-29T09:00:00.000000+0900,1113,1113,0,0,0,0,1113,1113,0,0,0,0,1113,0,0,0,0,0,0,0,0,0,0,0,0,0,0,0,0,0,0,0,0,0,0,0,0,0,0,0,0,0,0,0,0,0,0,0,0,0,
1653976870504,2756160,2022-05-28T09:00:00.000000+0900,1102,1102,0,0,0,0,1102,1102,0,0,0,0,1102,0,0,0,0,0,0,0,0,0,0,0,0,0,0,0,0,0,0,0,0,0,0,0,0,0,0,0,0,0,0,0,0,0,0,0,0,0,
1653976883472,2756016,2022-05-27T09:00:00.000000+0900,843,843,0,0,0,0,843,843,0,0,0,0,843,0,0,0,0,0,0,0,0,0,0,0,0,0,0,0,0,0,0,0,0,0,0,0,0,0,0,0,0,0,0,0,0,0,0,0,0,0,
1653976894284,2755872,2022-05-26T09:00:00.000000+0900,570,570,0,0,0,0,570,570,0,0,0,0,570,0,0,0,0,0,0,0,0,0,0,0,0,0,0,0,0,0,0,0,0,0,0,0,0,0,0,0,0,0,0,0,0,0,0,0,0,0,
1653976900472,2755728,2022-05-25T09:00:00.000000+0900,349,349,0,0,0,0,349,349,0,0,0,0,349,0,0,0,0,0,0,0,0,0,0,0,0,0,0,0,0,0,0,0,0,0,0,0,0,0,0,0,0,0,0,0,0,0,0,0,0,0,
1653976904416,2755584,2022-05-24T09:00:00.000000+0900,187,187,0,0,0,0,187,187,0,0,0,0,187,0,0,0,0,0,0,0,0,0,0,0,0,0,0,0,0,0,0,0,0,0,0,0,0,0,0,0,0,0,0,0,0,0,0,0,0,0,
1653976909751,2756592,2022-05-31T09:00:00.000000+0900,2274,2274,0,0,0,0,2274,2274,0,0,0,0,2274,0,0,0,0,0,0,0,0,0,0,0,0,0,0,0,0,0,0,0,0,0,0,0,0,0,0,0,0,0,0,0,0,0,0,0,0,0,
1654009202603,2756016,2022-05-27T09:00:00.000000+0900,531,531,0,0,0,0,531,531,0,0,0,0,531,0,0,0,0,0,0,0,0,0,0,0,0,0,0,0,0,0,0,0,0,0,0,0,0,0,0,0,0,0,0,0,0,0,0,0,0,0,
1654009208297,2756160,2022-05-28T09:00:00.000000+0900,815,815,0,0,0,0,815,815,0,0,0,0,815,0,0,0,0,0,0,0,0,0,0,0,0,0,0,0,0,0,0,0,0,0,0,0,0,0,0,0,0,0,0,0,0,0,0,0,0,0,
1654009214488,2756304,2022-05-29T09:00:00.000000+0900,825,825,0,0,0,0,825,825,0,0,0,0,825,0,0,0,0,0,0,0,0,0,0,0,0,0,0,0,0,0,0,0,0,0,0,0,0,0,0,0,0,0,0,0,0,0,0,0,0,0,
1654009220569,2756448,2022-05-30T09:00:00.000000+0900,1079,1079,0,0,0,0,1079,1079,0,0,0,0,1079,0,0,0,0,0,0,0,0,0,0,0,0,0,0,0,0,0,0,0,0,0,0,0,0,0,0,0,0,0,0,0,0,0,0,0,0,0,
1654009229200,2756592,2022-05-31T09:00:00.000000+0900,2170,2170,0,0,0,0,2170,2170,0,0,0,0,2170,0,0,0,0,0,0,0,0,0,0,0,0,0,0,0,0,0,0,0,0,0,0,0,0,0,0,0,0,0,0,0,0,0,0,0,0,0,
1654009246841,2755872,2022-05-26T09:00:00.000000+0900,343,343,0,0,0,0,343,343,0,0,0,0,343,0,0,0,0,0,0,0,0,0,0,0,0,0,0,0,0,0,0,0,0,0,0,0,0,0,0,0,0,0,0,0,0,0,0,0,0,0,
1654009249542,2755728,2022-05-25T09:00:00.000000+0900,220,220,0,0,0,0,220,220,0,0,0,0,220,0,0,0,0,0,0,0,0,0,0,0,0,0,0,0,0,0,0,0,0,0,0,0,0,0,0,0,0,0,0,0,0,0,0,0,0,0,
1654009251301,2755584,2022-05-24T09:00:00.000000+0900,115,115,0,0,0,0,115,115,0,0,0,0,115,0,0,0,0,0,0,0,0,0,0,0,0,0,0,0,0,0,0,0,0,0,0,0,0,0,0,0,0,0,0,0,0,0,0,0,0,0,
1654063284915,2756592,2022-05-31T09:00:00.000000+0900,1797,1797,0,0,0,0,1797,1797,0,0,0,0,1797,0,0,0,0,0,0,0,0,0,0,0,0,0,0,0,0,0,0,0,0,0,0,0,0,0,0,0,0,0,0,0,0,0,0,0,0,0,
1654063318365,2756448,2022-05-30T09:00:00.000000+0900,988,988,0,0,0,0,988,988,0,0,0,0,988,0,0,0,0,0,0,0,0,0,0,0,0,0,0,0,0,0,0,0,0,0,0,0,0,0,0,0,0,0,0,0,0,0,0,0,0,0,
1654063334967,2756304,2022-05-29T09:00:00.000000+0900,863,863,0,0,0,0,863,863,0,0,0,0,863,0,0,0,0,0,0,0,0,0,0,0,0,0,0,0,0,0,0,0,0,0,0,0,0,0,0,0,0,0,0,0,0,0,0,0,0,0,
1654063349509,2756160,2022-05-28T09:00:00.000000+0900,691,691,0,0,0,0,691,691,0,0,0,0,691,0,0,0,0,0,0,0,0,0,0,0,0,0,0,0,0,0,0,0,0,0,0,0,0,0,0,0,0,0,0,0,0,0,0,0,0,0,
1654063363230,2756016,2022-05-27T09:00:00.000000+0900,458,458,0,0,0,0,458,458,0,0,0,0,458,0,0,0,0,0,0,0,0,0,0,0,0,0,0,0,0,0,0,0,0,0,0,0,0,0,0,0,0,0,0,0,0,0,0,0,0,0,
1654063372766,2755872,2022-05-26T09:00:00.000000+0900,218,218,0,0,0,0,218,218,0,0,0,0,218,0,0,0,0,0,0,0,0,0,0,0,0,0,0,0,0,0,0,0,0,0,0,0,0,0,0,0,0,0,0,0,0,0,0,0,0,0,
1654063377073,2755728,2022-05-25T09:00:00.000000+0900,132,132,0,0,0,0,132,132,0,0,0,0,132,0,0,0,0,0,0,0,0,0,0,0,0,0,0,0,0,0,0,0,0,0,0,0,0,0,0,0,0,0,0,0,0,0,0,0,0,0,
1654063379834,2755584,2022-05-24T09:00:00.000000+0900,68,68,0,0,0,0,68,68,0,0,0,0,68,0,0,0,0,0,0,0,0,0,0,0,0,0,0,0,0,0,0,0,0,0,0,0,0,0,0,0,0,0,0,0,0,0,0,0,0,0,
1654063384477,2756736,2022-06-01T09:00:00.000000+0900,2129,2129,0,0,0,0,2129,2129,0,0,0,0,2129,0,0,0,0,0,0,0,0,0,0,0,0,0,0,0,0,0,0,0,0,0,0,0,0,0,0,0,0,0,0,0,0,0,0,0,0,0,
1654095608596,2756736,2022-06-01T09:00:00.000000+0900,2332,2332,0,0,0,0,2332,2332,0,0,0,0,2332,0,0,0,0,0,0,0,0,0,0,0,0,0,0,0,0,0,0,0,0,0,0,0,0,0,0,0,0,0,0,0,0,0,0,0,0,0,
1654095635874,2756592,2022-05-31T09:00:00.000000+0900,1039,1039,0,0,0,0,1039,1039,0,0,0,0,1039,0,0,0,0,0,0,0,0,0,0,0,0,0,0,0,0,0,0,0,0,0,0,0,0,0,0,0,0,0,0,0,0,0,0,0,0,0,
1654095645096,2756448,2022-05-30T09:00:00.000000+0900,814,814,0,0,0,0,814,814,0,0,0,0,814,0,0,0,0,0,0,0,0,0,0,0,0,0,0,0,0,0,0,0,0,0,0,0,0,0,0,0,0,0,0,0,0,0,0,0,0,0,
1654095651502,2756304,2022-05-29T09:00:00.000000+0900,733,733,0,0,0,0,733,733,0,0,0,0,733,0,0,0,0,0,0,0,0,0,0,0,0,0,0,0,0,0,0,0,0,0,0,0,0,0,0,0,0,0,0,0,0,0,0,0,0,0,
1654095657234,2756160,2022-05-28T09:00:00.000000+0900,483,483,0,0,0,0,483,483,0,0,0,0,483,0,0,0,0,0,0,0,0,0,0,0,0,0,0,0,0,0,0,0,0,0,0,0,0,0,0,0,0,0,0,0,0,0,0,0,0,0,
1654095660989,2756016,2022-05-27T09:00:00.000000+0900,281,281,0,0,0,0,281,281,0,0,0,0,281,0,0,0,0,0,0,0,0,0,0,0,0,0,0,0,0,0,0,0,0,0,0,0,0,0,0,0,0,0,0,0,0,0,0,0,0,0,
1654095663315,2755872,2022-05-26T09:00:00.000000+0900,133,133,0,0,0,0,133,133,0,0,0,0,133,0,0,0,0,0,0,0,0,0,0,0,0,0,0,0,0,0,0,0,0,0,0,0,0,0,0,0,0,0,0,0,0,0,0,0,0,0,
1654095664398,2755728,2022-05-25T09:00:00.000000+0900,64,64,0,0,0,0,64,64,0,0,0,0,64,0,0,0,0,0,0,0,0,0,0,0,0,0,0,0,0,0,0,0,0,0,0,0,0,0,0,0,0,0,0,0,0,0,0,0,0,0,
1654095664917,2755584,2022-05-24T09:00:00.000000+0900,43,43,0,0,0,0,43,43,0,0,0,0,43,0,0,0,0,0,0,0,0,0,0,0,0,0,0,0,0,0,0,0,0,0,0,0,0,0,0,0,0,0,0,0,0,0,0,0,0,0,
1654149636076,2756736,2022-06-01T09:00:00.000000+0900,1790,1790,0,0,0,0,1790,1790,0,0,0,0,1790,0,0,0,0,0,0,0,0,0,0,0,0,0,0,0,0,0,0,0,0,0,0,0,0,0,0,0,0,0,0,0,0,0,0,0,0,0,
1654149653906,2756592,2022-05-31T09:00:00.000000+0900,1005,1005,0,0,0,0,1005,1005,0,0,0,0,1005,0,0,0,0,0,0,0,0,0,0,0,0,0,0,0,0,0,0,0,0,0,0,0,0,0,0,0,0,0,0,0,0,0,0,0,0,0,
1654149661931,2756448,2022-05-30T09:00:00.000000+0900,887,887,0,0,0,0,887,887,0,0,0,0,887,0,0,0,0,0,0,0,0,0,0,0,0,0,0,0,0,0,0,0,0,0,0,0,0,0,0,0,0,0,0,0,0,0,0,0,0,0,
1654149669415,2756304,2022-05-29T09:00:00.000000+0900,652,652,0,0,0,0,652,652,0,0,0,0,652,0,0,0,0,0,0,0,0,0,0,0,0,0,0,0,0,0,0,0,0,0,0,0,0,0,0,0,0,0,0,0,0,0,0,0,0,0,
1654149674537,2756160,2022-05-28T09:00:00.000000+0900,473,473,0,0,0,0,473,473,0,0,0,0,473,0,0,0,0,0,0,0,0,0,0,0,0,0,0,0,0,0,0,0,0,0,0,0,0,0,0,0,0,0,0,0,0,0,0,0,0,0,
1654149678398,2756016,2022-05-27T09:00:00.000000+0900,257,257,0,0,0,0,257,257,0,0,0,0,257,0,0,0,0,0,0,0,0,0,0,0,0,0,0,0,0,0,0,0,0,0,0,0,0,0,0,0,0,0,0,0,0,0,0,0,0,0,
1654149680748,2755872,2022-05-26T09:00:00.000000+0900,122,122,0,0,0,0,122,122,0,0,0,0,122,0,0,0,0,0,0,0,0,0,0,0,0,0,0,0,0,0,0,0,0,0,0,0,0,0,0,0,0,0,0,0,0,0,0,0,0,0,
1654149681768,2755728,2022-05-25T09:00:00.000000+0900,66,66,0,0,0,0,66,66,0,0,0,0,66,0,0,0,0,0,0,0,0,0,0,0,0,0,0,0,0,0,0,0,0,0,0,0,0,0,0,0,0,0,0,0,0,0,0,0,0,0,
1654149682311,2755584,2022-05-24T09:00:00.000000+0900,46,46,0,0,0,0,46,46,0,0,0,0,46,0,0,0,0,0,0,0,0,0,0,0,0,0,0,0,0,0,0,0,0,0,0,0,0,0,0,0,0,0,0,0,0,0,0,0,0,0,
1654149683627,2756880,2022-06-02T09:00:00.000000+0900,2122,2122,0,0,0,0,2122,2122,0,0,0,0,2122,0,0,0,0,0,0,0,0,0,0,0,0,0,0,0,0,0,0,0,0,0,0,0,0,0,0,0,0,0,0,0,0,0,0,0,0,0,
1654182006540,2756880,2022-06-02T09:00:00.000000+0900,2095,2095,0,0,0,0,2095,2095,0,0,0,0,2095,0,0,0,0,0,0,0,0,0,0,0,0,0,0,0,0,0,0,0,0,0,0,0,0,0,0,0,0,0,0,0,0,0,0,0,0,0,
1654182037058,2756736,2022-06-01T09:00:00.000000+0900,967,967,0,0,0,0,967,967,0,0,0,0,967,0,0,0,0,0,0,0,0,0,0,0,0,0,0,0,0,0,0,0,0,0,0,0,0,0,0,0,0,0,0,0,0,0,0,0,0,0,
1654182048983,2756592,2022-05-31T09:00:00.000000+0900,781,781,0,0,0,0,781,781,0,0,0,0,781,0,0,0,0,0,0,0,0,0,0,0,0,0,0,0,0,0,0,0,0,0,0,0,0,0,0,0,0,0,0,0,0,0,0,0,0,0,
1654182057775,2756448,2022-05-30T09:00:00.000000+0900,700,700,0,0,0,0,700,700,0,0,0,0,700,0,0,0,0,0,0,0,0,0,0,0,0,0,0,0,0,0,0,0,0,0,0,0,0,0,0,0,0,0,0,0,0,0,0,0,0,0,
1654182065771,2756304,2022-05-29T09:00:00.000000+0900,451,451,0,0,0,0,451,451,0,0,0,0,451,0,0,0,0,0,0,0,0,0,0,0,0,0,0,0,0,0,0,0,0,0,0,0,0,0,0,0,0,0,0,0,0,0,0,0,0,0,
1654182071014,2756160,2022-05-28T09:00:00.000000+0900,279,279,0,0,0,0,279,279,0,0,0,0,279,0,0,0,0,0,0,0,0,0,0,0,0,0,0,0,0,0,0,0,0,0,0,0,0,0,0,0,0,0,0,0,0,0,0,0,0,0,
1654182074670,2756016,2022-05-27T09:00:00.000000+0900,152,152,0,0,0,0,152,152,0,0,0,0,152,0,0,0,0,0,0,0,0,0,0,0,0,0,0,0,0,0,0,0,0,0,0,0,0,0,0,0,0,0,0,0,0,0,0,0,0,0,
1654182076769,2755872,2022-05-26T09:00:00.000000+0900,86,86,0,0,0,0,86,86,0,0,0,0,86,0,0,0,0,0,0,0,0,0,0,0,0,0,0,0,0,0,0,0,0,0,0,0,0,0,0,0,0,0,0,0,0,0,0,0,0,0,
1654182078038,2755728,2022-05-25T09:00:00.000000+0900,43,43,0,0,0,0,43,43,0,0,0,0,43,0,0,0,0,0,0,0,0,0,0,0,0,0,0,0,0,0,0,0,0,0,0,0,0,0,0,0,0,0,0,0,0,0,0,0,0,0,
1654182078708,2755584,2022-05-24T09:00:00.000000+0900,27,27,0,0,0,0,27,27,0,0,0,0,27,0,0,0,0,0,0,0,0,0,0,0,0,0,0,0,0,0,0,0,0,0,0,0,0,0,0,0,0,0,0,0,0,0,0,0,0,0,
1654236038709,2756880,2022-06-02T09:00:00.000000+0900,1660,1660,0,0,0,0,1660,1660,0,0,0,0,1660,0,0,0,0,0,0,0,0,0,0,0,0,0,0,0,0,0,0,0,0,0,0,0,0,0,0,0,0,0,0,0,0,0,0,0,0,0,
1654236067456,2756736,2022-06-01T09:00:00.000000+0900,998,998,0,0,0,0,998,998,0,0,0,0,998,0,0,0,0,0,0,0,0,0,0,0,0,0,0,0,0,0,0,0,0,0,0,0,0,0,0,0,0,0,0,0,0,0,0,0,0,0,
1654236082701,2756592,2022-05-31T09:00:00.000000+0900,923,923,0,0,0,0,923,923,0,0,0,0,923,0,0,0,0,0,0,0,0,0,0,0,0,0,0,0,0,0,0,0,0,0,0,0,0,0,0,0,0,0,0,0,0,0,0,0,0,0,
1654236096006,2756448,2022-05-30T09:00:00.000000+0900,647,647,0,0,0,0,647,647,0,0,0,0,647,0,0,0,0,0,0,0,0,0,0,0,0,0,0,0,0,0,0,0,0,0,0,0,0,0,0,0,0,0,0,0,0,0,0,0,0,0,
1654236106946,2756304,2022-05-29T09:00:00.000000+0900,497,497,0,0,0,0,497,497,0,0,0,0,497,0,0,0,0,0,0,0,0,0,0,0,0,0,0,0,0,0,0,0,0,0,0,0,0,0,0,0,0,0,0,0,0,0,0,0,0,0,
1654236113743,2756160,2022-05-28T09:00:00.000000+0900,279,279,0,0,0,0,279,279,0,0,0,0,279,0,0,0,0,0,0,0,0,0,0,0,0,0,0,0,0,0,0,0,0,0,0,0,0,0,0,0,0,0,0,0,0,0,0,0,0,0,
1654236117379,2755584,2022-05-24T09:00:00.000000+0900,26,26,0,0,0,0,26,26,0,0,0,0,26,0,0,0,0,0,0,0,0,0,0,0,0,0,0,0,0,0,0,0,0,0,0,0,0,0,0,0,0,0,0,0,0,0,0,0,0,0,
1654236117776,2755728,2022-05-25T09:00:00.000000+0900,40,40,0,0,0,0,40,40,0,0,0,0,40,0,0,0,0,0,0,0,0,0,0,0,0,0,0,0,0,0,0,0,0,0,0,0,0,0,0,0,0,0,0,0,0,0,0,0,0,0,
1654236118305,2755872,2022-05-26T09:00:00.000000+0900,59,59,0,0,0,0,59,59,0,0,0,0,59,0,0,0,0,0,0,0,0,0,0,0,0,0,0,0,0,0,0,0,0,0,0,0,0,0,0,0,0,0,0,0,0,0,0,0,0,0,
1654236119087,2756016,2022-05-27T09:00:00.000000+0900,123,123,0,0,0,0,123,123,0,0,0,0,123,0,0,0,0,0,0,0,0,0,0,0,0,0,0,0,0,0,0,0,0,0,0,0,0,0,0,0,0,0,0,0,0,0,0,0,0,0,
1654236120890,2757024,2022-06-03T09:00:00.000000+0900,1956,1956,0,0,0,0,1956,1956,0,0,0,0,1956,0,0,0,0,0,0,0,0,0,0,0,0,0,0,0,0,0,0,0,0,0,0,0,0,0,0,0,0,0,0,0,0,0,0,0,0,0,
1654268405428,2757024,2022-06-03T09:00:00.000000+0900,1805,1805,0,0,0,0,1805,1805,0,0,0,0,1805,0,0,0,0,0,0,0,0,0,0,0,0,0,0,0,0,0,0,0,0,0,0,0,0,0,0,0,0,0,0,0,0,0,0,0,0,0,
1654268422818,2756592,2022-05-31T09:00:00.000000+0900,669,669,0,0,0,0,669,669,0,0,0,0,669,0,0,0,0,0,0,0,0,0,0,0,0,0,0,0,0,0,0,0,0,0,0,0,0,0,0,0,0,0,0,0,0,0,0,0,0,0,
1654268428692,2756736,2022-06-01T09:00:00.000000+0900,666,666,0,0,0,0,666,666,0,0,0,0,666,0,0,0,0,0,0,0,0,0,0,0,0,0,0,0,0,0,0,0,0,0,0,0,0,0,0,0,0,0,0,0,0,0,0,0,0,0,
1654268434255,2756880,2022-06-02T09:00:00.000000+0900,889,889,0,0,0,0,889,889,0,0,0,0,889,0,0,0,0,0,0,0,0,0,0,0,0,0,0,0,0,0,0,0,0,0,0,0,0,0,0,0,0,0,0,0,0,0,0,0,0,0,
1654268441241,2756448,2022-05-30T09:00:00.000000+0900,391,391,0,0,0,0,391,391,0,0,0,0,391,0,0,0,0,0,0,0,0,0,0,0,0,0,0,0,0,0,0,0,0,0,0,0,0,0,0,0,0,0,0,0,0,0,0,0,0,0,
1654268444415,2756304,2022-05-29T09:00:00.000000+0900,238,238,0,0,0,0,238,238,0,0,0,0,238,0,0,0,0,0,0,0,0,0,0,0,0,0,0,0,0,0,0,0,0,0,0,0,0,0,0,0,0,0,0,0,0,0,0,0,0,0,
1654268446723,2756160,2022-05-28T09:00:00.000000+0900,136,136,0,0,0,0,136,136,0,0,0,0,136,0,0,0,0,0,0,0,0,0,0,0,0,0,0,0,0,0,0,0,0,0,0,0,0,0,0,0,0,0,0,0,0,0,0,0,0,0,
1654268447791,2756016,2022-05-27T09:00:00.000000+0900,72,72,0,0,0,0,72,72,0,0,0,0,72,0,0,0,0,0,0,0,0,0,0,0,0,0,0,0,0,0,0,0,0,0,0,0,0,0,0,0,0,0,0,0,0,0,0,0,0,0,
1654268448485,2755872,2022-05-26T09:00:00.000000+0900,36,36,0,0,0,0,36,36,0,0,0,0,36,0,0,0,0,0,0,0,0,0,0,0,0,0,0,0,0,0,0,0,0,0,0,0,0,0,0,0,0,0,0,0,0,0,0,0,0,0,
1654268448814,2755728,2022-05-25T09:00:00.000000+0900,20,20,0,0,0,0,20,20,0,0,0,0,20,0,0,0,0,0,0,0,0,0,0,0,0,0,0,0,0,0,0,0,0,0,0,0,0,0,0,0,0,0,0,0,0,0,0,0,0,0,
1654268449032,2755584,2022-05-24T09:00:00.000000+0900,33,33,0,0,0,0,33,33,0,0,0,0,33,0,0,0,0,0,0,0,0,0,0,0,0,0,0,0,0,0,0,0,0,0,0,0,0,0,0,0,0,0,0,0,0,0,0,0,0,0,
1654322436581,2757024,2022-06-03T09:00:00.000000+0900,1368,1368,0,0,0,0,1368,1368,0,0,0,0,1368,0,0,0,0,0,0,0,0,0,0,0,0,0,0,0,0,0,0,0,0,0,0,0,0,0,0,0,0,0,0,0,0,0,0,0,0,0,
1654322450992,2756592,2022-05-31T09:00:00.000000+0900,548,548,0,0,0,0,548,548,0,0,0,0,548,0,0,0,0,0,0,0,0,0,0,0,0,0,0,0,0,0,0,0,0,0,0,0,0,0,0,0,0,0,0,0,0,0,0,0,0,0,
1654322455652,2756736,2022-06-01T09:00:00.000000+0900,796,796,0,0,0,0,796,796,0,0,0,0,796,0,0,0,0,0,0,0,0,0,0,0,0,0,0,0,0,0,0,0,0,0,0,0,0,0,0,0,0,0,0,0,0,0,0,0,0,0,
1654322462245,2756880,2022-06-02T09:00:00.000000+0900,820,820,0,0,0,0,820,820,0,0,0,0,820,0,0,0,0,0,0,0,0,0,0,0,0,0,0,0,0,0,0,0,0,0,0,0,0,0,0,0,0,0,0,0,0,0,0,0,0,0,
1654322468811,2756448,2022-05-30T09:00:00.000000+0900,397,397,0,0,0,0,397,397,0,0,0,0,397,0,0,0,0,0,0,0,0,0,0,0,0,0,0,0,0,0,0,0,0,0,0,0,0,0,0,0,0,0,0,0,0,0,0,0,0,0,
1654322471992,2756304,2022-05-29T09:00:00.000000+0900,222,222,0,0,0,0,222,222,0,0,0,0,222,0,0,0,0,0,0,0,0,0,0,0,0,0,0,0,0,0,0,0,0,0,0,0,0,0,0,0,0,0,0,0,0,0,0,0,0,0,
1654322474520,2756160,2022-05-28T09:00:00.000000+0900,105,105,0,0,0,0,105,105,0,0,0,0,105,0,0,0,0,0,0,0,0,0,0,0,0,0,0,0,0,0,0,0,0,0,0,0,0,0,0,0,0,0,0,0,0,0,0,0,0,0,
1654322475640,2756016,2022-05-27T09:00:00.000000+0900,51,51,0,0,0,0,51,51,0,0,0,0,51,0,0,0,0,0,0,0,0,0,0,0,0,0,0,0,0,0,0,0,0,0,0,0,0,0,0,0,0,0,0,0,0,0,0,0,0,0,
1654322476227,2755872,2022-05-26T09:00:00.000000+0900,24,24,0,0,0,0,24,24,0,0,0,0,24,0,0,0,0,0,0,0,0,0,0,0,0,0,0,0,0,0,0,0,0,0,0,0,0,0,0,0,0,0,0,0,0,0,0,0,0,0,
1654322476521,2755584,2022-05-24T09:00:00.000000+0900,8,8,0,0,0,0,8,8,0,0,0,0,8,0,0,0,0,0,0,0,0,0,0,0,0,0,0,0,0,0,0,0,0,0,0,0,0,0,0,0,0,0,0,0,0,0,0,0,0,0,
1654322476659,2755728,2022-05-25T09:00:00.000000+0900,15,15,0,0,0,0,15,15,0,0,0,0,15,0,0,0,0,0,0,0,0,0,0,0,0,0,0,0,0,0,0,0,0,0,0,0,0,0,0,0,0,0,0,0,0,0,0,0,0,0,
1654322476866,2757168,2022-06-04T09:00:00.000000+0900,1576,1576,0,0,0,0,1576,1576,0,0,0,0,1576,0,0,0,0,0,0,0,0,0,0,0,0,0,0,0,0,0,0,0,0,0,0,0,0,0,0,0,0,0,0,0,0,0,0,0,0,0,
1654354810205,2757168,2022-06-04T09:00:00.000000+0900,1395,1395,0,0,0,0,1395,1395,0,0,0,0,1395,0,0,0,0,0,0,0,0,0,0,0,0,0,0,0,0,0,0,0,0,0,0,0,0,0,0,0,0,0,0,0,0,0,0,0,0,0,
1654354822594,2757024,2022-06-03T09:00:00.000000+0900,658,658,0,0,0,0,658,658,0,0,0,0,658,0,0,0,0,0,0,0,0,0,0,0,0,0,0,0,0,0,0,0,0,0,0,0,0,0,0,0,0,0,0,0,0,0,0,0,0,0,
1654354828169,2756880,2022-06-02T09:00:00.000000+0900,480,480,0,0,0,0,480,480,0,0,0,0,480,0,0,0,0,0,0,0,0,0,0,0,0,0,0,0,0,0,0,0,0,0,0,0,0,0,0,0,0,0,0,0,0,0,0,0,0,0,
1654354831938,2756736,2022-06-01T09:00:00.000000+0900,414,414,0,0,0,0,414,414,0,0,0,0,414,0,0,0,0,0,0,0,0,0,0,0,0,0,0,0,0,0,0,0,0,0,0,0,0,0,0,0,0,0,0,0,0,0,0,0,0,0,
1654354835559,2756592,2022-05-31T09:00:00.000000+0900,268,268,0,0,0,0,268,268,0,0,0,0,268,0,0,0,0,0,0,0,0,0,0,0,0,0,0,0,0,0,0,0,0,0,0,0,0,0,0,0,0,0,0,0,0,0,0,0,0,0,
1654354837656,2756448,2022-05-30T09:00:00.000000+0900,163,163,0,0,0,0,163,163,0,0,0,0,163,0,0,0,0,0,0,0,0,0,0,0,0,0,0,0,0,0,0,0,0,0,0,0,0,0,0,0,0,0,0,0,0,0,0,0,0,0,
1654354839259,2756304,2022-05-29T09:00:00.000000+0900,91,91,0,0,0,0,91,91,0,0,0,0,91,0,0,0,0,0,0,0,0,0,0,0,0,0,0,0,0,0,0,0,0,0,0,0,0,0,0,0,0,0,0,0,0,0,0,0,0,0,
1654354840068,2756160,2022-05-28T09:00:00.000000+0900,44,44,0,0,0,0,44,44,0,0,0,0,44,0,0,0,0,0,0,0,0,0,0,0,0,0,0,0,0,0,0,0,0,0,0,0,0,0,0,0,0,0,0,0,0,0,0,0,0,0,
1654354840456,2756016,2022-05-27T09:00:00.000000+0900,29,29,0,0,0,0,29,29,0,0,0,0,29,0,0,0,0,0,0,0,0,0,0,0,0,0,0,0,0,0,0,0,0,0,0,0,0,0,0,0,0,0,0,0,0,0,0,0,0,0,
1654354840765,2755872,2022-05-26T09:00:00.000000+0900,19,19,0,0,0,0,19,19,0,0,0,0,19,0,0,0,0,0,0,0,0,0,0,0,0,0,0,0,0,0,0,0,0,0,0,0,0,0,0,0,0,0,0,0,0,0,0,0,0,0,
1654354840981,2755728,2022-05-25T09:00:00.000000+0900,15,15,0,0,0,0,15,15,0,0,0,0,15,0,0,0,0,0,0,0,0,0,0,0,0,0,0,0,0,0,0,0,0,0,0,0,0,0,0,0,0,0,0,0,0,0,0,0,0,0,
1654354841138,2755584,2022-05-24T09:00:00.000000+0900,14,14,0,0,0,0,14,14,0,0,0,0,14,0,0,0,0,0,0,0,0,0,0,0,0,0,0,0,0,0,0,0,0,0,0,0,0,0,0,0,0,0,0,0,0,0,0,0,0,0,
1654408841126,2757168,2022-06-04T09:00:00.000000+0900,962,962,0,0,0,0,962,962,0,0,0,0,962,0,0,0,0,0,0,0,0,0,0,0,0,0,0,0,0,0,0,0,0,0,0,0,0,0,0,0,0,0,0,0,0,0,0,0,0,0,
1654408850553,2757024,2022-06-03T09:00:00.000000+0900,514,514,0,0,0,0,514,514,0,0,0,0,514,0,0,0,0,0,0,0,0,0,0,0,0,0,0,0,0,0,0,0,0,0,0,0,0,0,0,0,0,0,0,0,0,0,0,0,0,0,
1654408855654,2756880,2022-06-02T09:00:00.000000+0900,478,478,0,0,0,0,478,478,0,0,0,0,478,0,0,0,0,0,0,0,0,0,0,0,0,0,0,0,0,0,0,0,0,0,0,0,0,0,0,0,0,0,0,0,0,0,0,0,0,0,
1654408860985,2756736,2022-06-01T09:00:00.000000+0900,360,360,0,0,0,0,360,360,0,0,0,0,360,0,0,0,0,0,0,0,0,0,0,0,0,0,0,0,0,0,0,0,0,0,0,0,0,0,0,0,0,0,0,0,0,0,0,0,0,0,
1654408864609,2756592,2022-05-31T09:00:00.000000+0900,286,286,0,0,0,0,286,286,0,0,0,0,286,0,0,0,0,0,0,0,0,0,0,0,0,0,0,0,0,0,0,0,0,0,0,0,0,0,0,0,0,0,0,0,0,0,0,0,0,0,
1654408867258,2756448,2022-05-30T09:00:00.000000+0900,146,146,0,0,0,0,146,146,0,0,0,0,146,0,0,0,0,0,0,0,0,0,0,0,0,0,0,0,0,0,0,0,0,0,0,0,0,0,0,0,0,0,0,0,0,0,0,0,0,0,
1654408868453,2756304,2022-05-29T09:00:00.000000+0900,85,85,0,0,0,0,85,85,0,0,0,0,85,0,0,0,0,0,0,0,0,0,0,0,0,0,0,0,0,0,0,0,0,0,0,0,0,0,0,0,0,0,0,0,0,0,0,0,0,0,
1654408869214,2756160,2022-05-28T09:00:00.000000+0900,45,45,0,0,0,0,45,45,0,0,0,0,45,0,0,0,0,0,0,0,0,0,0,0,0,0,0,0,0,0,0,0,0,0,0,0,0,0,0,0,0,0,0,0,0,0,0,0,0,0,
1654408869612,2756016,2022-05-27T09:00:00.000000+0900,28,28,0,0,0,0,28,28,0,0,0,0,28,0,0,0,0,0,0,0,0,0,0,0,0,0,0,0,0,0,0,0,0,0,0,0,0,0,0,0,0,0,0,0,0,0,0,0,0,0,
1654408869872,2757312,2022-06-05T09:00:00.000000+0900,1000,1000,0,0,0,0,1000,1000,0,0,0,0,1000,0,0,0,0,0,0,0,0,0,0,0,0,0,0,0,0,0,0,0,0,0,0,0,0,0,0,0,0,0,0,0,0,0,0,0,0,0,
1654408879658,2755872,2022-05-26T09:00:00.000000+0900,12,12,0,0,0,0,12,12,0,0,0,0,12,0,0,0,0,0,0,0,0,0,0,0,0,0,0,0,0,0,0,0,0,0,0,0,0,0,0,0,0,0,0,0,0,0,0,0,0,0,
1654408879832,2755728,2022-05-25T09:00:00.000000+0900,6,6,0,0,0,0,6,6,0,0,0,0,6,0,0,0,0,0,0,0,0,0,0,0,0,0,0,0,0,0,0,0,0,0,0,0,0,0,0,0,0,0,0,0,0,0,0,0,0,0,
1654408879950,2755584,2022-05-24T09:00:00.000000+0900,3,3,0,0,0,0,3,3,0,0,0,0,3,0,0,0,0,0,0,0,0,0,0,0,0,0,0,0,0,0,0,0,0,0,0,0,0,0,0,0,0,0,0,0,0,0,0,0,0,0,
1654441202407,2757312,2022-06-05T09:00:00.000000+0900,768,768,0,0,0,0,768,768,0,0,0,0,768,0,0,0,0,0,0,0,0,0,0,0,0,0,0,0,0,0,0,0,0,0,0,0,0,0,0,0,0,0,0,0,0,0,0,0,0,0,
1654441209775,2757168,2022-06-04T09:00:00.000000+0900,399,399,0,0,0,0,399,399,0,0,0,0,399,0,0,0,0,0,0,0,0,0,0,0,0,0,0,0,0,0,0,0,0,0,0,0,0,0,0,0,0,0,0,0,0,0,0,0,0,0,
1654441213423,2757024,2022-06-03T09:00:00.000000+0900,251,251,0,0,0,0,251,251,0,0,0,0,251,0,0,0,0,0,0,0,0,0,0,0,0,0,0,0,0,0,0,0,0,0,0,0,0,0,0,0,0,0,0,0,0,0,0,0,0,0,
1654441215426,2756880,2022-06-02T09:00:00.000000+0900,250,250,0,0,0,0,250,250,0,0,0,0,250,0,0,0,0,0,0,0,0,0,0,0,0,0,0,0,0,0,0,0,0,0,0,0,0,0,0,0,0,0,0,0,0,0,0,0,0,0,
1654441217386,2756736,2022-06-01T09:00:00.000000+0900,173,173,0,0,0,0,173,173,0,0,0,0,173,0,0,0,0,0,0,0,0,0,0,0,0,0,0,0,0,0,0,0,0,0,0,0,0,0,0,0,0,0,0,0,0,0,0,0,0,0,
1654441218780,2756592,2022-05-31T09:00:00.000000+0900,107,107,0,0,0,0,107,107,0,0,0,0,107,0,0,0,0,0,0,0,0,0,0,0,0,0,0,0,0,0,0,0,0,0,0,0,0,0,0,0,0,0,0,0,0,0,0,0,0,0,
1654441219616,2756448,2022-05-30T09:00:00.000000+0900,65,65,0,0,0,0,65,65,0,0,0,0,65,0,0,0,0,0,0,0,0,0,0,0,0,0,0,0,0,0,0,0,0,0,0,0,0,0,0,0,0,0,0,0,0,0,0,0,0,0,
1654441220193,2755584,2022-05-24T09:00:00.000000+0900,2,2,0,0,0,0,2,2,0,0,0,0,2,0,0,0,0,0,0,0,0,0,0,0,0,0,0,0,0,0,0,0,0,0,0,0,0,0,0,0,0,0,0,0,0,0,0,0,0,0,
1654441220620,2755728,2022-05-25T09:00:00.000000+0900,3,3,0,0,0,0,3,3,0,0,0,0,3,0,0,0,0,0,0,0,0,0,0,0,0,0,0,0,0,0,0,0,0,0,0,0,0,0,0,0,0,0,0,0,0,0,0,0,0,0,
1654441220701,2755872,2022-05-26T09:00:00.000000+0900,9,9,0,0,0,0,9,9,0,0,0,0,9,0,0,0,0,0,0,0,0,0,0,0,0,0,0,0,0,0,0,0,0,0,0,0,0,0,0,0,0,0,0,0,0,0,0,0,0,0,
1654441220834,2756016,2022-05-27T09:00:00.000000+0900,13,13,0,0,0,0,13,13,0,0,0,0,13,0,0,0,0,0,0,0,0,0,0,0,0,0,0,0,0,0,0,0,0,0,0,0,0,0,0,0,0,0,0,0,0,0,0,0,0,0,
1654441220996,2756160,2022-05-28T09:00:00.000000+0900,18,18,0,0,0,0,18,18,0,0,0,0,18,0,0,0,0,0,0,0,0,0,0,0,0,0,0,0,0,0,0,0,0,0,0,0,0,0,0,0,0,0,0,0,0,0,0,0,0,0,
1654441221210,2756304,2022-05-29T09:00:00.000000+0900,33,33,0,0,0,0,33,33,0,0,0,0,33,0,0,0,0,0,0,0,0,0,0,0,0,0,0,0,0,0,0,0,0,0,0,0,0,0,0,0,0,0,0,0,0,0,0,0,0,0,
1654495288774,2757312,2022-06-05T09:00:00.000000+0900,1021,1021,0,0,0,0,1021,1021,0,0,0,0,1021,0,0,0,0,0,0,0,0,0,0,0,0,0,0,0,0,0,0,0,0,0,0,0,0,0,0,0,0,0,0,0,0,0,0,0,0,0,
1654495303867,2757168,2022-06-04T09:00:00.000000+0900,793,793,0,0,0,0,793,793,0,0,0,0,793,0,0,0,0,0,0,0,0,0,0,0,0,0,0,0,0,0,0,0,0,0,0,0,0,0,0,0,0,0,0,0,0,0,0,0,0,0,
1654495311654,2757024,2022-06-03T09:00:00.000000+0900,761,761,0,0,0,0,761,761,0,0,0,0,761,0,0,0,0,0,0,0,0,0,0,0,0,0,0,0,0,0,0,0,0,0,0,0,0,0,0,0,0,0,0,0,0,0,0,0,0,0,
1654495319240,2756880,2022-06-02T09:00:00.000000+0900,530,530,0,0,0,0,530,530,0,0,0,0,530,0,0,0,0,0,0,0,0,0,0,0,0,0,0,0,0,0,0,0,0,0,0,0,0,0,0,0,0,0,0,0,0,0,0,0,0,0,
1654495324257,2756736,2022-06-01T09:00:00.000000+0900,399,399,0,0,0,0,399,399,0,0,0,0,399,0,0,0,0,0,0,0,0,0,0,0,0,0,0,0,0,0,0,0,0,0,0,0,0,0,0,0,0,0,0,0,0,0,0,0,0,0,
1654495328194,2756304,2022-05-29T09:00:00.000000+0900,69,69,0,0,0,0,69,69,0,0,0,0,69,0,0,0,0,0,0,0,0,0,0,0,0,0,0,0,0,0,0,0,0,0,0,0,0,0,0,0,0,0,0,0,0,0,0,0,0,0,
1654495328938,2756448,2022-05-30T09:00:00.000000+0900,125,125,0,0,0,0,125,125,0,0,0,0,125,0,0,0,0,0,0,0,0,0,0,0,0,0,0,0,0,0,0,0,0,0,0,0,0,0,0,0,0,0,0,0,0,0,0,0,0,0,
1654495330146,2756592,2022-05-31T09:00:00.000000+0900,216,216,0,0,0,0,216,216,0,0,0,0,216,0,0,0,0,0,0,0,0,0,0,0,0,0,0,0,0,0,0,0,0,0,0,0,0,0,0,0,0,0,0,0,0,0,0,0,0,0,
1654495334315,2756160,2022-05-28T09:00:00.000000+0900,46,46,0,0,0,0,46,46,0,0,0,0,46,0,0,0,0,0,0,0,0,0,0,0,0,0,0,0,0,0,0,0,0,0,0,0,0,0,0,0,0,0,0,0,0,0,0,0,0,0,
1654495335066,2756016,2022-05-27T09:00:00.000000+0900,20,20,0,0,0,0,20,20,0,0,0,0,20,0,0,0,0,0,0,0,0,0,0,0,0,0,0,0,0,0,0,0,0,0,0,0,0,0,0,0,0,0,0,0,0,0,0,0,0,0,
1654495335488,2755872,2022-05-26T09:00:00.000000+0900,13,13,0,0,0,0,13,13,0,0,0,0,13,0,0,0,0,0,0,0,0,0,0,0,0,0,0,0,0,0,0,0,0,0,0,0,0,0,0,0,0,0,0,0,0,0,0,0,0,0,
1654495335672,2757456,2022-06-06T09:00:00.000000+0900,1501,1501,0,0,0,0,1501,1501,0,0,0,0,1501,0,0,0,0,0,0,0,0,0,0,0,0,0,0,0,0,0,0,0,0,0,0,0,0,0,0,0,0,0,0,0,0,0,0,0,0,0,
1654495359812,2755728,2022-05-25T09:00:00.000000+0900,9,9,0,0,0,0,9,9,0,0,0,0,9,0,0,0,0,0,0,0,0,0,0,0,0,0,0,0,0,0,0,0,0,0,0,0,0,0,0,0,0,0,0,0,0,0,0,0,0,0,
1654495359991,2755584,2022-05-24T09:00:00.000000+0900,4,4,0,0,0,0,4,4,0,0,0,0,4,0,0,0,0,0,0,0,0,0,0,0,0,0,0,0,0,0,0,0,0,0,0,0,0,0,0,0,0,0,0,0,0,0,0,0,0,0,
1654527605666,2757456,2022-06-06T09:00:00.000000+0900,1750,1750,0,0,0,0,1750,1750,0,0,0,0,1750,0,0,0,0,0,0,0,0,0,0,0,0,0,0,0,0,0,0,0,0,0,0,0,0,0,0,0,0,0,0,0,0,0,0,0,0,0,
1654527624054,2757312,2022-06-05T09:00:00.000000+0900,775,775,0,0,0,0,775,775,0,0,0,0,775,0,0,0,0,0,0,0,0,0,0,0,0,0,0,0,0,0,0,0,0,0,0,0,0,0,0,0,0,0,0,0,0,0,0,0,0,0,
1654527631269,2757168,2022-06-04T09:00:00.000000+0900,720,720,0,0,0,0,720,720,0,0,0,0,720,0,0,0,0,0,0,0,0,0,0,0,0,0,0,0,0,0,0,0,0,0,0,0,0,0,0,0,0,0,0,0,0,0,0,0,0,0,
1654527636831,2757024,2022-06-03T09:00:00.000000+0900,671,671,0,0,0,0,671,671,0,0,0,0,671,0,0,0,0,0,0,0,0,0,0,0,0,0,0,0,0,0,0,0,0,0,0,0,0,0,0,0,0,0,0,0,0,0,0,0,0,0,
1654527642086,2756880,2022-06-02T09:00:00.000000+0900,432,432,0,0,0,0,432,432,0,0,0,0,432,0,0,0,0,0,0,0,0,0,0,0,0,0,0,0,0,0,0,0,0,0,0,0,0,0,0,0,0,0,0,0,0,0,0,0,0,0,
1654527651814,2756736,2022-06-01T09:00:00.000000+0900,279,279,0,0,0,0,279,279,0,0,0,0,279,0,0,0,0,0,0,0,0,0,0,0,0,0,0,0,0,0,0,0,0,0,0,0,0,0,0,0,0,0,0,0,0,0,0,0,0,0,
1654527654859,2756592,2022-05-31T09:00:00.000000+0900,144,144,0,0,0,0,144,144,0,0,0,0,144,0,0,0,0,0,0,0,0,0,0,0,0,0,0,0,0,0,0,0,0,0,0,0,0,0,0,0,0,0,0,0,0,0,0,0,0,0,
1654527656453,2756448,2022-05-30T09:00:00.000000+0900,69,69,0,0,0,0,69,69,0,0,0,0,69,0,0,0,0,0,0,0,0,0,0,0,0,0,0,0,0,0,0,0,0,0,0,0,0,0,0,0,0,0,0,0,0,0,0,0,0,0,
1654527657294,2756304,2022-05-29T09:00:00.000000+0900,50,50,0,0,0,0,50,50,0,0,0,0,50,0,0,0,0,0,0,0,0,0,0,0,0,0,0,0,0,0,0,0,0,0,0,0,0,0,0,0,0,0,0,0,0,0,0,0,0,0,
1654527657890,2756160,2022-05-28T09:00:00.000000+0900,26,26,0,0,0,0,26,26,0,0,0,0,26,0,0,0,0,0,0,0,0,0,0,0,0,0,0,0,0,0,0,0,0,0,0,0,0,0,0,0,0,0,0,0,0,0,0,0,0,0,
1654527659121,2756016,2022-05-27T09:00:00.000000+0900,16,16,0,0,0,0,16,16,0,0,0,0,16,0,0,0,0,0,0,0,0,0,0,0,0,0,0,0,0,0,0,0,0,0,0,0,0,0,0,0,0,0,0,0,0,0,0,0,0,0,
1654527659420,2755872,2022-05-26T09:00:00.000000+0900,9,9,0,0,0,0,9,9,0,0,0,0,9,0,0,0,0,0,0,0,0,0,0,0,0,0,0,0,0,0,0,0,0,0,0,0,0,0,0,0,0,0,0,0,0,0,0,0,0,0,
1654527659567,2755728,2022-05-25T09:00:00.000000+0900,6,6,0,0,0,0,6,6,0,0,0,0,6,0,0,0,0,0,0,0,0,0,0,0,0,0,0,0,0,0,0,0,0,0,0,0,0,0,0,0,0,0,0,0,0,0,0,0,0,0,
1654527659701,2755584,2022-05-24T09:00:00.000000+0900,4,4,0,0,0,0,4,4,0,0,0,0,4,0,0,0,0,0,0,0,0,0,0,0,0,0,0,0,0,0,0,0,0,0,0,0,0,0,0,0,0,0,0,0,0,0,0,0,0,0,
1654581694389,2756592,2022-05-31T09:00:00.000000+0900,153,153,0,0,0,0,153,153,0,0,0,0,153,0,0,0,0,0,0,0,0,0,0,0,0,0,0,0,0,0,0,0,0,0,0,0,0,0,0,0,0,0,0,0,0,0,0,0,0,0,
1654581701651,2756736,2022-06-01T09:00:00.000000+0900,268,268,0,0,0,0,268,268,0,0,0,0,268,0,0,0,0,0,0,0,0,0,0,0,0,0,0,0,0,0,0,0,0,0,0,0,0,0,0,0,0,0,0,0,0,0,0,0,0,0,
1654581704709,2756880,2022-06-02T09:00:00.000000+0900,435,435,0,0,0,0,435,435,0,0,0,0,435,0,0,0,0,0,0,0,0,0,0,0,0,0,0,0,0,0,0,0,0,0,0,0,0,0,0,0,0,0,0,0,0,0,0,0,0,0,
1654581709740,2757024,2022-06-03T09:00:00.000000+0900,644,644,0,0,0,0,644,644,0,0,0,0,644,0,0,0,0,0,0,0,0,0,0,0,0,0,0,0,0,0,0,0,0,0,0,0,0,0,0,0,0,0,0,0,0,0,0,0,0,0,
1654581718386,2757168,2022-06-04T09:00:00.000000+0900,846,846,0,0,0,0,846,846,0,0,0,0,846,0,0,0,0,0,0,0,0,0,0,0,0,0,0,0,0,0,0,0,0,0,0,0,0,0,0,0,0,0,0,0,0,0,0,0,0,0,
1654581727882,2757312,2022-06-05T09:00:00.000000+0900,859,859,0,0,0,0,859,859,0,0,0,0,859,0,0,0,0,0,0,0,0,0,0,0,0,0,0,0,0,0,0,0,0,0,0,0,0,0,0,0,0,0,0,0,0,0,0,0,0,0,
1654581737145,2757456,2022-06-06T09:00:00.000000+0900,1525,1525,0,0,0,0,1525,1525,0,0,0,0,1525,0,0,0,0,0,0,0,0,0,0,0,0,0,0,0,0,0,0,0,0,0,0,0,0,0,0,0,0,0,0,0,0,0,0,0,0,0,
1654581755706,2756448,2022-05-30T09:00:00.000000+0900,79,79,0,0,0,0,79,79,0,0,0,0,79,0,0,0,0,0,0,0,0,0,0,0,0,0,0,0,0,0,0,0,0,0,0,0,0,0,0,0,0,0,0,0,0,0,0,0,0,0,
1654581756930,2756304,2022-05-29T09:00:00.000000+0900,43,43,0,0,0,0,43,43,0,0,0,0,43,0,0,0,0,0,0,0,0,0,0,0,0,0,0,0,0,0,0,0,0,0,0,0,0,0,0,0,0,0,0,0,0,0,0,0,0,0,
1654581757672,2756160,2022-05-28T09:00:00.000000+0900,27,27,0,0,0,0,27,27,0,0,0,0,27,0,0,0,0,0,0,0,0,0,0,0,0,0,0,0,0,0,0,0,0,0,0,0,0,0,0,0,0,0,0,0,0,0,0,0,0,0,
1654581758382,2756016,2022-05-27T09:00:00.000000+0900,22,22,0,0,0,0,22,22,0,0,0,0,22,0,0,0,0,0,0,0,0,0,0,0,0,0,0,0,0,0,0,0,0,0,0,0,0,0,0,0,0,0,0,0,0,0,0,0,0,0,
1654581758697,2755872,2022-05-26T09:00:00.000000+0900,13,13,0,0,0,0,13,13,0,0,0,0,13,0,0,0,0,0,0,0,0,0,0,0,0,0,0,0,0,0,0,0,0,0,0,0,0,0,0,0,0,0,0,0,0,0,0,0,0,0,
1654581758900,2755728,2022-05-25T09:00:00.000000+0900,8,8,0,0,0,0,8,8,0,0,0,0,8,0,0,0,0,0,0,0,0,0,0,0,0,0,0,0,0,0,0,0,0,0,0,0,0,0,0,0,0,0,0,0,0,0,0,0,0,0,
1654581759057,2757600,2022-06-07T09:00:00.000000+0900,1928,1928,0,0,0,0,1928,1928,0,0,0,0,1928,0,0,0,0,0,0,0,0,0,0,0,0,0,0,0,0,0,0,0,0,0,0,0,0,0,0,0,0,0,0,0,0,0,0,0,0,0,
1654614009287,2757600,2022-06-07T09:00:00.000000+0900,1905,1905,0,0,0,0,1905,1905,0,0,0,0,1905,0,0,0,0,0,0,0,0,0,0,0,0,0,0,0,0,0,0,0,0,0,0,0,0,0,0,0,0,0,0,0,0,0,0,0,0,0,
1654614030170,2757456,2022-06-06T09:00:00.000000+0900,924,924,0,0,0,0,924,924,0,0,0,0,924,0,0,0,0,0,0,0,0,0,0,0,0,0,0,0,0,0,0,0,0,0,0,0,0,0,0,0,0,0,0,0,0,0,0,0,0,0,
1654614038638,2757312,2022-06-05T09:00:00.000000+0900,654,654,0,0,0,0,654,654,0,0,0,0,654,0,0,0,0,0,0,0,0,0,0,0,0,0,0,0,0,0,0,0,0,0,0,0,0,0,0,0,0,0,0,0,0,0,0,0,0,0,
1654614044182,2757168,2022-06-04T09:00:00.000000+0900,658,658,0,0,0,0,658,658,0,0,0,0,658,0,0,0,0,0,0,0,0,0,0,0,0,0,0,0,0,0,0,0,0,0,0,0,0,0,0,0,0,0,0,0,0,0,0,0,0,0,
1654614049951,2757024,2022-06-03T09:00:00.000000+0900,451,451,0,0,0,0,451,451,0,0,0,0,451,0,0,0,0,0,0,0,0,0,0,0,0,0,0,0,0,0,0,0,0,0,0,0,0,0,0,0,0,0,0,0,0,0,0,0,0,0,
1654614053586,2756880,2022-06-02T09:00:00.000000+0900,254,254,0,0,0,0,254,254,0,0,0,0,254,0,0,0,0,0,0,0,0,0,0,0,0,0,0,0,0,0,0,0,0,0,0,0,0,0,0,0,0,0,0,0,0,0,0,0,0,0,
1654614055657,2756736,2022-06-01T09:00:00.000000+0900,141,141,0,0,0,0,141,141,0,0,0,0,141,0,0,0,0,0,0,0,0,0,0,0,0,0,0,0,0,0,0,0,0,0,0,0,0,0,0,0,0,0,0,0,0,0,0,0,0,0,
1654614056898,2756592,2022-05-31T09:00:00.000000+0900,74,74,0,0,0,0,74,74,0,0,0,0,74,0,0,0,0,0,0,0,0,0,0,0,0,0,0,0,0,0,0,0,0,0,0,0,0,0,0,0,0,0,0,0,0,0,0,0,0,0,
1654614057589,2756448,2022-05-30T09:00:00.000000+0900,41,41,0,0,0,0,41,41,0,0,0,0,41,0,0,0,0,0,0,0,0,0,0,0,0,0,0,0,0,0,0,0,0,0,0,0,0,0,0,0,0,0,0,0,0,0,0,0,0,0,
1654614057952,2756304,2022-05-29T09:00:00.000000+0900,23,23,0,0,0,0,23,23,0,0,0,0,23,0,0,0,0,0,0,0,0,0,0,0,0,0,0,0,0,0,0,0,0,0,0,0,0,0,0,0,0,0,0,0,0,0,0,0,0,0,
1654614058190,2756160,2022-05-28T09:00:00.000000+0900,18,18,0,0,0,0,18,18,0,0,0,0,18,0,0,0,0,0,0,0,0,0,0,0,0,0,0,0,0,0,0,0,0,0,0,0,0,0,0,0,0,0,0,0,0,0,0,0,0,0,
1654614058401,2756016,2022-05-27T09:00:00.000000+0900,11,11,0,0,0,0,11,11,0,0,0,0,11,0,0,0,0,0,0,0,0,0,0,0,0,0,0,0,0,0,0,0,0,0,0,0,0,0,0,0,0,0,0,0,0,0,0,0,0,0,
1654614058538,2755872,2022-05-26T09:00:00.000000+0900,6,6,0,0,0,0,6,6,0,0,0,0,6,0,0,0,0,0,0,0,0,0,0,0,0,0,0,0,0,0,0,0,0,0,0,0,0,0,0,0,0,0,0,0,0,0,0,0,0,0,
1654614058625,2755728,2022-05-25T09:00:00.000000+0900,5,5,0,0,0,0,5,5,0,0,0,0,5,0,0,0,0,0,0,0,0,0,0,0,0,0,0,0,0,0,0,0,0,0,0,0,0,0,0,0,0,0,0,0,0,0,0,0,0,0,
1654668151189,2757600,2022-06-07T09:00:00.000000+0900,1609,1609,0,0,0,0,1609,1609,0,0,0,0,1609,0,0,0,0,0,0,0,0,0,0,0,0,0,0,0,0,0,0,0,0,0,0,0,0,0,0,0,0,0,0,0,0,0,0,0,0,0,
1654668211463,2757456,2022-06-06T09:00:00.000000+0900,867,867,0,0,0,0,867,867,0,0,0,0,867,0,0,0,0,0,0,0,0,0,0,0,0,0,0,0,0,0,0,0,0,0,0,0,0,0,0,0,0,0,0,0,0,0,0,0,0,0,
1654668230458,2757312,2022-06-05T09:00:00.000000+0900,772,772,0,0,0,0,772,772,0,0,0,0,772,0,0,0,0,0,0,0,0,0,0,0,0,0,0,0,0,0,0,0,0,0,0,0,0,0,0,0,0,0,0,0,0,0,0,0,0,0,
1654668246752,2757168,2022-06-04T09:00:00.000000+0900,585,585,0,0,0,0,585,585,0,0,0,0,585,0,0,0,0,0,0,0,0,0,0,0,0,0,0,0,0,0,0,0,0,0,0,0,0,0,0,0,0,0,0,0,0,0,0,0,0,0,
1654668255515,2757024,2022-06-03T09:00:00.000000+0900,438,438,0,0,0,0,438,438,0,0,0,0,438,0,0,0,0,0,0,0,0,0,0,0,0,0,0,0,0,0,0,0,0,0,0,0,0,0,0,0,0,0,0,0,0,0,0,0,0,0,
1654668263241,2756880,2022-06-02T09:00:00.000000+0900,229,229,0,0,0,0,229,229,0,0,0,0,229,0,0,0,0,0,0,0,0,0,0,0,0,0,0,0,0,0,0,0,0,0,0,0,0,0,0,0,0,0,0,0,0,0,0,0,0,0,
1654668267109,2756736,2022-06-01T09:00:00.000000+0900,124,124,0,0,0,0,124,124,0,0,0,0,124,0,0,0,0,0,0,0,0,0,0,0,0,0,0,0,0,0,0,0,0,0,0,0,0,0,0,0,0,0,0,0,0,0,0,0,0,0,
1654668269274,2756592,2022-05-31T09:00:00.000000+0900,71,71,0,0,0,0,71,71,0,0,0,0,71,0,0,0,0,0,0,0,0,0,0,0,0,0,0,0,0,0,0,0,0,0,0,0,0,0,0,0,0,0,0,0,0,0,0,0,0,0,
1654668270772,2756448,2022-05-30T09:00:00.000000+0900,41,41,0,0,0,0,41,41,0,0,0,0,41,0,0,0,0,0,0,0,0,0,0,0,0,0,0,0,0,0,0,0,0,0,0,0,0,0,0,0,0,0,0,0,0,0,0,0,0,0,
1654668271415,2756304,2022-05-29T09:00:00.000000+0900,25,25,0,0,0,0,25,25,0,0,0,0,25,0,0,0,0,0,0,0,0,0,0,0,0,0,0,0,0,0,0,0,0,0,0,0,0,0,0,0,0,0,0,0,0,0,0,0,0,0,
1654668271919,2756160,2022-05-28T09:00:00.000000+0900,17,17,0,0,0,0,17,17,0,0,0,0,17,0,0,0,0,0,0,0,0,0,0,0,0,0,0,0,0,0,0,0,0,0,0,0,0,0,0,0,0,0,0,0,0,0,0,0,0,0,
1654668272200,2756016,2022-05-27T09:00:00.000000+0900,12,12,0,0,0,0,12,12,0,0,0,0,12,0,0,0,0,0,0,0,0,0,0,0,0,0,0,0,0,0,0,0,0,0,0,0,0,0,0,0,0,0,0,0,0,0,0,0,0,0,
1654668272691,2755872,2022-05-26T09:00:00.000000+0900,10,10,0,0,0,0,10,10,0,0,0,0,10,0,0,0,0,0,0,0,0,0,0,0,0,0,0,0,0,0,0,0,0,0,0,0,0,0,0,0,0,0,0,0,0,0,0,0,0,0,
1654668273075,2757744,2022-06-08T09:00:00.000000+0900,1851,1851,0,0,0,0,1851,1851,0,0,0,0,1851,0,0,0,0,0,0,0,0,0,0,0,0,0,0,0,0,0,0,0,0,0,0,0,0,0,0,0,0,0,0,0,0,0,0,0,0,0,
1654700404812,2757744,2022-06-08T09:00:00.000000+0900,1913,1913,0,0,0,0,1913,1913,0,0,0,0,1913,0,0,0,0,0,0,0,0,0,0,0,0,0,0,0,0,0,0,0,0,0,0,0,0,0,0,0,0,0,0,0,0,0,0,0,0,0,
1654700421958,2757600,2022-06-07T09:00:00.000000+0900,924,924,0,0,0,0,924,924,0,0,0,0,924,0,0,0,0,0,0,0,0,0,0,0,0,0,0,0,0,0,0,0,0,0,0,0,0,0,0,0,0,0,0,0,0,0,0,0,0,0,
1654700430105,2757456,2022-06-06T09:00:00.000000+0900,683,683,0,0,0,0,683,683,0,0,0,0,683,0,0,0,0,0,0,0,0,0,0,0,0,0,0,0,0,0,0,0,0,0,0,0,0,0,0,0,0,0,0,0,0,0,0,0,0,0,
1654700435499,2757312,2022-06-05T09:00:00.000000+0900,658,658,0,0,0,0,658,658,0,0,0,0,658,0,0,0,0,0,0,0,0,0,0,0,0,0,0,0,0,0,0,0,0,0,0,0,0,0,0,0,0,0,0,0,0,0,0,0,0,0,
1654700440747,2757168,2022-06-04T09:00:00.000000+0900,451,451,0,0,0,0,451,451,0,0,0,0,451,0,0,0,0,0,0,0,0,0,0,0,0,0,0,0,0,0,0,0,0,0,0,0,0,0,0,0,0,0,0,0,0,0,0,0,0,0,
1654700444373,2757024,2022-06-03T09:00:00.000000+0900,247,247,0,0,0,0,247,247,0,0,0,0,247,0,0,0,0,0,0,0,0,0,0,0,0,0,0,0,0,0,0,0,0,0,0,0,0,0,0,0,0,0,0,0,0,0,0,0,0,0,
1654700446412,2756880,2022-06-02T09:00:00.000000+0900,118,118,0,0,0,0,118,118,0,0,0,0,118,0,0,0,0,0,0,0,0,0,0,0,0,0,0,0,0,0,0,0,0,0,0,0,0,0,0,0,0,0,0,0,0,0,0,0,0,0,
1654700447501,2756736,2022-06-01T09:00:00.000000+0900,66,66,0,0,0,0,66,66,0,0,0,0,66,0,0,0,0,0,0,0,0,0,0,0,0,0,0,0,0,0,0,0,0,0,0,0,0,0,0,0,0,0,0,0,0,0,0,0,0,0,
1654700448080,2756592,2022-05-31T09:00:00.000000+0900,36,36,0,0,0,0,36,36,0,0,0,0,36,0,0,0,0,0,0,0,0,0,0,0,0,0,0,0,0,0,0,0,0,0,0,0,0,0,0,0,0,0,0,0,0,0,0,0,0,0,
1654700448441,2756304,2022-05-29T09:00:00.000000+0900,19,19,0,0,0,0,19,19,0,0,0,0,19,0,0,0,0,0,0,0,0,0,0,0,0,0,0,0,0,0,0,0,0,0,0,0,0,0,0,0,0,0,0,0,0,0,0,0,0,0,
1654700448676,2756448,2022-05-30T09:00:00.000000+0900,23,23,0,0,0,0,23,23,0,0,0,0,23,0,0,0,0,0,0,0,0,0,0,0,0,0,0,0,0,0,0,0,0,0,0,0,0,0,0,0,0,0,0,0,0,0,0,0,0,0,
1654700448905,2756160,2022-05-28T09:00:00.000000+0900,14,14,0,0,0,0,14,14,0,0,0,0,14,0,0,0,0,0,0,0,0,0,0,0,0,0,0,0,0,0,0,0,0,0,0,0,0,0,0,0,0,0,0,0,0,0,0,0,0,0,
1654700449081,2756016,2022-05-27T09:00:00.000000+0900,14,14,0,0,0,0,14,14,0,0,0,0,14,0,0,0,0,0,0,0,0,0,0,0,0,0,0,0,0,0,0,0,0,0,0,0,0,0,0,0,0,0,0,0,0,0,0,0,0,0,
1654700449266,2755872,2022-05-26T09:00:00.000000+0900,11,11,0,0,0,0,11,11,0,0,0,0,11,0,0,0,0,0,0,0,0,0,0,0,0,0,0,0,0,0,0,0,0,0,0,0,0,0,0,0,0,0,0,0,0,0,0,0,0,0,
